-- phpMyAdmin SQL Dump
-- version 4.0.10deb1
-- http://www.phpmyadmin.net
--
-- Host: localhost
-- Generation Time: Mar 10, 2016 at 12:13 PM
-- Server version: 5.5.47-0ubuntu0.14.04.1
-- PHP Version: 5.5.9-1ubuntu4.14

SET SQL_MODE = "NO_AUTO_VALUE_ON_ZERO";
SET time_zone = "+00:00";


/*!40101 SET @OLD_CHARACTER_SET_CLIENT=@@CHARACTER_SET_CLIENT */;
/*!40101 SET @OLD_CHARACTER_SET_RESULTS=@@CHARACTER_SET_RESULTS */;
/*!40101 SET @OLD_COLLATION_CONNECTION=@@COLLATION_CONNECTION */;
/*!40101 SET NAMES utf8 */;

--
-- Database: `Embarques`
--

-- --------------------------------------------------------

--
-- Table structure for table `almacen`
--

CREATE TABLE IF NOT EXISTS `almacen` (
  `clave` int(11) NOT NULL,
  `nombre` varchar(30) NOT NULL,
  `seriefacturacion` varchar(3) DEFAULT NULL,
  `seriedevolucion` varchar(3) DEFAULT NULL,
  `seriecredito` varchar(3) DEFAULT NULL,
  `seriesimple` varchar(3) DEFAULT NULL,
  `caracter` char(1) DEFAULT NULL,
  PRIMARY KEY (`clave`)
) ENGINE=InnoDB DEFAULT CHARSET=latin1;

--
-- Dumping data for table `almacen`
--

INSERT INTO `almacen` (`clave`, `nombre`, `seriefacturacion`, `seriedevolucion`, `seriecredito`, `seriesimple`, `caracter`) VALUES
(0, 'VIGA', 'JA', 'JAA', 'JAB', NULL, NULL),
(2, 'CUAUHTEMOC', 'JL', 'JLA', 'JLB', 'A', 'A'),
(3, 'MONTERREY   ', 'KD', 'KDA', 'KDB', 'B', 'B'),
(4, 'INTERLOMAS', 'JV', 'JVA', 'JVB', 'AL', '1'),
(5, 'PARQUE DELTA', 'JN', 'JNA', 'JNB', 'AQ', '3'),
(6, 'ACAPULCO', 'JB', 'JBA', 'JBB', 'J', 'J'),
(7, 'XALAPA', 'LK', 'LKA', 'LKB', 'AN', '$'),
(12, 'OAXACA', 'KG', 'KGA', 'KGB', 'S', 'S'),
(13, 'IXTAPALUCA', 'JW', 'JWA', 'JWB', 'AR', '4'),
(14, 'MEDICIENCIA', 'KA', 'KAA', 'KAB', 'AS', '5'),
(15, 'CUERNAVACA', 'JM', 'JMA', 'JMB', 'L', 'L'),
(16, 'PACHUCA', 'KI', 'KIA', 'KIB', 'M', 'M'),
(17, 'TOLUCA', 'LD', 'LDA', 'LDB', 'N', 'N'),
(18, 'TAMPICO', 'LB', 'LBA', 'LBB', 'O', NULL),
(19, 'SAN LUIS POTOSI', 'LA', 'LAA', 'LAB', 'P', 'P'),
(20, 'PINO SUAREZ 1', 'KJ', 'KJA', 'KJB', 'Q', 'Q'),
(21, 'COACALCO', 'JK', 'JKA', 'JKB', 'AT', 'D'),
(22, 'LEON CENTRO', 'JY', 'JYA', 'JYB', 'R', 'R'),
(23, 'LERMA', 'JZ', 'JZA', 'JZB', 'AU', '7'),
(24, 'REYNOSA', 'KY', 'KYA', 'KYB', 'CK', '8'),
(25, 'POLITECNICO', 'KT', 'KTA', 'KTB', 'CL', '9'),
(26, 'AGUASCALIENTES', 'JC', 'JCA', 'JCB', 'CM', 'W'),
(27, 'CD. JUAREZ TORRES', 'JI', 'JIA', 'JIB', 'CQ', '('),
(28, 'CD. JUAREZ SENDERO', 'JH', 'JHA', 'JHB', 'EO', ')'),
(30, 'TLAXCALA', 'LC', 'LCA', 'LCB', 'EQ', ''''),
(31, 'PUEBLA CENTRO', 'KV', 'KVA', 'KVB', 'FA', '_'),
(33, 'PUERTO VALLARTA', 'KW', 'KWA', 'KWB', 'FC', NULL),
(34, 'CASCO STO. TOMAS', 'JF', 'JFA', 'JFB', 'ET', 'Á'),
(36, 'PLAZA DEL LIBRO', 'KL', 'KLA', 'KLB', 'EU', 'É'),
(37, 'PLAZA PAQ. ESCOLARES', 'KR', 'KRA', 'KRB', 'EV', '~'),
(38, 'PLAZA INFANTILES', 'KN', 'KNA', 'KNB', 'EX', 'Í'),
(40, 'TUXTLA GUTIERREZ', 'LF', 'LFA', 'LFB', 'FJ', '0'),
(41, 'PLAZA BEST SELLERS', 'KM', 'KMA', 'KMB', 'GY', '-'),
(42, 'SALTILLO', 'KZ', 'KZA', 'KZB', 'HQ', '÷'),
(43, 'PLAZA ARTE Y OBRAS', 'KQ', 'KQA', 'KQB', 'HT', 'À'),
(44, 'PLAZA UNIVERSITAS', 'KS', 'KSA', 'KSB', 'HU', '¯'),
(45, 'CANCUN', 'JE', 'JEA', 'JEB', 'HY', 'È'),
(47, 'GUADA. FERIAS INFANTILES', 'JQ', 'JQA', 'JQB', 'IC', 'Ò'),
(49, 'VILLA HERMOSA TABASCO', 'LJ', 'LJA', 'LJB', 'IH', '¬'),
(50, 'U.A.N.L', 'LG', 'LGA', 'LGB', 'AO', '#'),
(51, 'DURANGO', 'JO', 'JOA', 'JOB', 'FK', '%'),
(52, 'CD. JUAREZ RIO GRANDE', 'JG', 'JGA', 'JGB', 'IJ', '?'),
(53, 'GUADALAJARA KIOSCO', 'LL', 'LLA', 'LLB', 'LL', 'Ù'),
(54, 'FERIAS VARIAS', 'LM', 'LMA', 'LMB', 'LM', NULL),
(55, 'ALM. GRAL. OTROS FONDOS', 'OF', NULL, NULL, NULL, NULL),
(56, 'PLAZA DEL LIBRO POLANCO', 'LP', 'LPA', 'LPB', 'LP', 'Õ'),
(57, 'POLITECNICO FERIAS', 'JS', 'JSA', 'JSB', 'JS', 'Â'),
(58, 'PLAZA DEL LIBRO MORELIA', 'LN', 'LNA', 'LNB', 'LN', 'Î'),
(59, 'CCT. VALLARTA', 'LO', 'LOA', 'LOB', 'LO', 'Ã'),
(60, 'P.V. VIGA 2', 'IZ', 'IZA', 'IZB', 'IZ', NULL),
(61, 'GUADALAJARA   ', 'JT', 'JTA', 'JTB', 'G', 'G'),
(62, 'CHIHUAHUA  FERIAS', 'LQ', 'LQA', 'LQB', 'LQ', NULL),
(65, 'MORELIA ', 'KE', 'KEA', 'KEB', 'AP', '2'),
(68, 'ADMINISTRACION LOCAL 3', 'KO', 'KOA', 'KOB', 'EY', 'Ó'),
(69, 'ADMINISTRACION LOCAL 7', 'KP', 'KPA', 'KPB', 'EZ', 'Ú'),
(71, 'LEON CAMPESTRE', 'JX', 'JXA', 'JXB', 'D', NULL),
(72, 'PUEBLA', 'KU', 'KUA', 'KUB', 'E', 'E'),
(73, 'QUERETARO', 'KX', 'KXA', 'KXB', 'C', 'C'),
(74, 'TORREON', 'LE', 'LEA', 'LEB', 'I', 'I'),
(75, 'VERACRUZ', 'LI', 'LIA', 'LIB', 'H', 'H'),
(76, 'MERIDA', 'KB', 'KBA', 'KBB', 'F', 'F'),
(77, 'ORIZABA', 'KH', 'KHA', 'KHB', 'K', 'K'),
(78, 'INSURGENTES', 'JU', 'JUA', 'JUB', 'U', 'U'),
(79, 'BELISARIO', 'JD', 'JDA', 'JDB', 'Y', 'Y'),
(80, 'METEPEC', 'KC', 'KCA', 'KCB', 'X', 'X'),
(82, 'PINO SUAREZ 2', 'KK', 'KKA', 'KKB', 'Z', 'Z'),
(85, 'UNAM', 'LH', 'LHA', 'LHB', 'T', 'T'),
(86, 'MUNDO E', 'KF', 'KFA', 'KFB', 'AD', '@'),
(89, 'CHIHUAHUA', 'JJ', 'JJA', 'JJB', 'AH', '{'),
(90, 'MONTERREY FERIAS', 'JR', 'JRA', 'JRB', 'ER', 'Ê'),
(91, 'GUADALAJARA FERIAS', 'JP', 'JPA', 'JPB', 'IB', '}');

-- --------------------------------------------------------

--
-- Table structure for table `ft91`
--

CREATE TABLE IF NOT EXISTS `ft91` (
  `IDSYS` varchar(1) DEFAULT NULL,
  `TDOC` int(2) NOT NULL DEFAULT '0',
  `SERIE` varchar(3) NOT NULL DEFAULT 'XXX',
  `NDOC` int(7) NOT NULL DEFAULT '0',
  `CTE` int(8) DEFAULT NULL,
  `RAZSOC` varchar(50) DEFAULT NULL,
  `FECEMI` date DEFAULT NULL,
  `HOREMI` time DEFAULT NULL,
  `FEREAL` date DEFAULT NULL,
  `HOREAL` time DEFAULT NULL,
  `USREAL` varchar(8) DEFAULT NULL,
  `FESAAL` date DEFAULT NULL,
  `HOSALL` time DEFAULT NULL,
  `USSAL` varchar(8) DEFAULT NULL,
  `FEREEM` date DEFAULT NULL,
  `HOREEM` time DEFAULT NULL,
  `USREEM` varchar(8) DEFAULT NULL,
  `FESAEM` date DEFAULT NULL,
  `HORSAEM` time DEFAULT NULL,
  `USSAEM` varchar(8) DEFAULT NULL,
  `FEREEB` date DEFAULT NULL,
  `HOREEB` time DEFAULT NULL,
  `USREEB` varchar(8) DEFAULT NULL,
  `FESAEB` date DEFAULT NULL,
  `HOSAEB` time DEFAULT NULL,
  `USSAEB` varchar(8) DEFAULT NULL,
  `PEDIDO` varchar(8) DEFAULT NULL,
  `CVECON` int(2) DEFAULT NULL,
  `ALMA` int(2) DEFAULT NULL,
  `CVE` varchar(1) DEFAULT NULL,
  `STATUS` varchar(1) DEFAULT NULL,
  `FOLINI` int(77) DEFAULT NULL,
  `FOLFIN` int(7) DEFAULT NULL,
  `CVV` int(1) DEFAULT NULL,
  `TVTA` int(1) DEFAULT NULL,
  `FDOC` date DEFAULT NULL,
  `HDOC` time DEFAULT NULL,
  `PERREC` varchar(30) DEFAULT NULL,
  `SER` varchar(3) DEFAULT NULL,
  `FOLIO` int(7) DEFAULT NULL,
  `CARTA` varchar(55) DEFAULT NULL,
  `GUIA` varchar(20) DEFAULT NULL,
  `PLACA` varchar(10) DEFAULT NULL,
  `NOMREC` varchar(30) DEFAULT NULL,
  `FESAE2` date DEFAULT NULL,
  `HOSA32` time DEFAULT NULL,
  `USSAE2` varchar(8) DEFAULT NULL,
  `FESAE3` date DEFAULT NULL,
  `HOSAE3` time DEFAULT NULL,
  `USSAE3` varchar(8) DEFAULT NULL,
  `FESAE4` date DEFAULT NULL,
  `HOSAE4` time DEFAULT NULL,
  `USSAE4` varchar(8) DEFAULT NULL,
  `FECENV` date DEFAULT NULL,
  `CUTRA` int(3) DEFAULT NULL,
  `ALMAO` int(2) DEFAULT NULL,
  `SERPED` varchar(3) DEFAULT NULL,
  `NUMPED` varchar(8) DEFAULT NULL,
  `FECHR` date DEFAULT NULL,
  PRIMARY KEY (`NDOC`,`SERIE`,`TDOC`)
) ENGINE=InnoDB DEFAULT CHARSET=latin1;

-- --------------------------------------------------------

--
-- Table structure for table `ft96`
--

CREATE TABLE IF NOT EXISTS `ft96` (
  `IDENT` varchar(1) DEFAULT NULL,
  `CTRL` varchar(1) DEFAULT NULL,
  `TIPODOC` int(2) DEFAULT NULL,
  `SER` varchar(3) NOT NULL DEFAULT 'XXX',
  `FOLIO` int(7) NOT NULL DEFAULT '0',
  `STA` varchar(1) DEFAULT NULL,
  `F1` varchar(6) DEFAULT NULL,
  `RSOCF` varchar(120) DEFAULT NULL,
  `DIRF` varchar(60) DEFAULT NULL,
  `COLF` varchar(40) DEFAULT NULL,
  `DELF` varchar(40) DEFAULT NULL,
  `CDF` varchar(30) DEFAULT NULL,
  `EDOF` varchar(30) DEFAULT NULL,
  `PAISF` varchar(30) DEFAULT NULL,
  `CPF` int(5) DEFAULT NULL,
  `F2` varchar(123) DEFAULT NULL,
  `RSOCE` varchar(120) DEFAULT NULL,
  `DIRE` varchar(60) DEFAULT NULL,
  `COLE` varchar(40) DEFAULT NULL,
  `DELE` varchar(40) DEFAULT NULL,
  `CDE` varchar(30) DEFAULT NULL,
  `EDOE` varchar(30) DEFAULT NULL,
  `PAISE` varchar(30) DEFAULT NULL,
  `CPE` int(5) DEFAULT NULL,
  `F3` varchar(144) DEFAULT NULL,
  `CTA` int(8) DEFAULT NULL,
  `TUNID` int(7) DEFAULT NULL,
  `TIMPNM` double(10,2) DEFAULT NULL,
  `TIMPDL` double(7,2) DEFAULT NULL,
  `TDOC` int(3) DEFAULT NULL,
  `F4` varchar(59) DEFAULT NULL,
  `CVTRA` int(3) DEFAULT NULL,
  `CIATRA` varchar(55) DEFAULT NULL,
  `GUIA` varchar(20) DEFAULT NULL,
  `FECENV` date DEFAULT NULL,
  `NCAJ` int(4) DEFAULT NULL,
  `NPAC` int(4) DEFAULT NULL,
  `PLACAS` varchar(10) DEFAULT NULL,
  `NOMREC` varchar(30) DEFAULT NULL,
  `TREP` varchar(1) DEFAULT NULL,
  `FOLPAS` varchar(10) DEFAULT NULL,
  `F5` varchar(79) DEFAULT NULL,
  `FECCAP` date DEFAULT NULL,
  `HORCAP` time DEFAULT NULL,
  `SUCAP` varchar(8) DEFAULT NULL,
  `HORENV` time DEFAULT NULL,
  `F6` varchar(46) DEFAULT NULL,
  `FACPA12G` varchar(12) DEFAULT NULL,
  `FACCAN` varchar(12) DEFAULT NULL,
  `IMPFLE` double(7,2) DEFAULT NULL,
  `IMPSEG` double(7,2) DEFAULT NULL,
  `IMTOT` double(7,2) DEFAULT NULL,
  `NORDCO` varchar(12) DEFAULT NULL,
  `NCONRE` varchar(12) DEFAULT NULL,
  `NDEVO` varchar(10) DEFAULT NULL,
  `RELEMP` int(1) DEFAULT NULL,
  `ORIGI` int(1) DEFAULT NULL,
  `CARINS` int(1) DEFAULT NULL,
  `PAGCAJ` int(1) DEFAULT NULL,
  `CPAMA` int(1) DEFAULT NULL,
  `IDOPER` int(1) DEFAULT NULL,
  `IDOOTR` varchar(10) DEFAULT NULL,
  PRIMARY KEY (`SER`,`FOLIO`)
) ENGINE=InnoDB DEFAULT CHARSET=latin1;

-- --------------------------------------------------------

--
-- Table structure for table `generales`
--

CREATE TABLE IF NOT EXISTS `generales` (
  `idgenerales` int(11) NOT NULL AUTO_INCREMENT,
  `keyaction` varchar(45) DEFAULT NULL,
  `dato` varchar(250) DEFAULT NULL,
  PRIMARY KEY (`idgenerales`)
) ENGINE=InnoDB  DEFAULT CHARSET=latin1 AUTO_INCREMENT=3 ;

--
-- Dumping data for table `generales`
--

INSERT INTO `generales` (`idgenerales`, `keyaction`, `dato`) VALUES
(1, 'ULTIMAACTUALIZACIONDB', '10 de March de 2016  a las  11:18:40 AM'),
(2, 'ACTUALIZACIONUSUARIOSARCHIVO', '10 de March de 2016  a las  11:21:51 AM');

-- --------------------------------------------------------

--
-- Table structure for table `tipousuario`
--

CREATE TABLE IF NOT EXISTS `tipousuario` (
  `tipo` varchar(13) NOT NULL,
  PRIMARY KEY (`tipo`)
) ENGINE=InnoDB DEFAULT CHARSET=latin1;

--
-- Dumping data for table `tipousuario`
--

INSERT INTO `tipousuario` (`tipo`) VALUES
('administrador'),
('asesor');

-- --------------------------------------------------------

--
-- Table structure for table `userAlmacen`
--

CREATE TABLE IF NOT EXISTS `userAlmacen` (
  `id` int(11) NOT NULL AUTO_INCREMENT,
  `modificacion` datetime DEFAULT NULL,
  `creacion` timestamp NULL DEFAULT NULL,
  `f_usuario` varchar(50) NOT NULL,
  `f_almacen` int(11) NOT NULL,
  PRIMARY KEY (`id`),
  KEY `fk_userAlmacen_usuario1_idx` (`f_usuario`),
  KEY `fk_userAlmacen_almacen1_idx` (`f_almacen`)
) ENGINE=InnoDB  DEFAULT CHARSET=latin1 AUTO_INCREMENT=4220 ;

--
-- Dumping data for table `userAlmacen`
--

INSERT INTO `userAlmacen` (`id`, `modificacion`, `creacion`, `f_usuario`, `f_almacen`) VALUES
(3683, NULL, NULL, 'ADAME ROMERO AURORA', 36),
(3684, NULL, NULL, 'ADAME ROMERO AURORA', 38),
(3685, NULL, NULL, 'ADAME ROMERO AURORA', 43),
(3686, NULL, NULL, 'ADAME ROMERO AURORA', 41),
(3687, NULL, NULL, 'ADAME ROMERO AURORA', 37),
(3688, NULL, NULL, 'ADAME ROMERO AURORA', 44),
(3689, NULL, NULL, 'ADAME ROMERO AURORA', 14),
(3690, NULL, NULL, 'ADAME ROMERO AURORA', 5),
(3691, NULL, NULL, 'ADAME ROMERO AURORA', 2),
(3692, NULL, NULL, 'ADAME ROMERO AURORA', 53),
(3693, NULL, NULL, 'GONZALEZ RAMOS MONICA MARIA', 36),
(3694, NULL, NULL, 'GONZALEZ RAMOS MONICA MARIA', 38),
(3695, NULL, NULL, 'GONZALEZ RAMOS MONICA MARIA', 43),
(3696, NULL, NULL, 'GONZALEZ RAMOS MONICA MARIA', 41),
(3697, NULL, NULL, 'GONZALEZ RAMOS MONICA MARIA', 37),
(3698, NULL, NULL, 'GONZALEZ RAMOS MONICA MARIA', 44),
(3699, NULL, NULL, 'GONZALEZ RAMOS MONICA MARIA', 14),
(3700, NULL, NULL, 'GONZALEZ RAMOS MONICA MARIA', 5),
(3701, NULL, NULL, 'GONZALEZ RAMOS MONICA MARIA', 2),
(3702, NULL, NULL, 'GONZALEZ RAMOS MONICA MARIA', 53),
(3703, NULL, NULL, 'RICO GARCES FABIOLA ESTEFANIA', 36),
(3704, NULL, NULL, 'RICO GARCES FABIOLA ESTEFANIA', 38),
(3705, NULL, NULL, 'RICO GARCES FABIOLA ESTEFANIA', 43),
(3706, NULL, NULL, 'RICO GARCES FABIOLA ESTEFANIA', 41),
(3707, NULL, NULL, 'RICO GARCES FABIOLA ESTEFANIA', 37),
(3708, NULL, NULL, 'RICO GARCES FABIOLA ESTEFANIA', 44),
(3709, NULL, NULL, 'RICO GARCES FABIOLA ESTEFANIA', 14),
(3710, NULL, NULL, 'RICO GARCES FABIOLA ESTEFANIA', 5),
(3711, NULL, NULL, 'RICO GARCES FABIOLA ESTEFANIA', 2),
(3712, NULL, NULL, 'RICO GARCES FABIOLA ESTEFANIA', 53),
(3713, NULL, NULL, 'HERNANDEZ ROZAS YOLANDA', 36),
(3714, NULL, NULL, 'HERNANDEZ ROZAS YOLANDA', 38),
(3715, NULL, NULL, 'HERNANDEZ ROZAS YOLANDA', 43),
(3716, NULL, NULL, 'HERNANDEZ ROZAS YOLANDA', 41),
(3717, NULL, NULL, 'HERNANDEZ ROZAS YOLANDA', 37),
(3718, NULL, NULL, 'HERNANDEZ ROZAS YOLANDA', 44),
(3719, NULL, NULL, 'HERNANDEZ ROZAS YOLANDA', 14),
(3720, NULL, NULL, 'HERNANDEZ ROZAS YOLANDA', 5),
(3721, NULL, NULL, 'HERNANDEZ ROZAS YOLANDA', 2),
(3722, NULL, NULL, 'HERNANDEZ ROZAS YOLANDA', 53),
(3723, NULL, NULL, 'DANIEL JAIME ESCAMILLA', 36),
(3724, NULL, NULL, 'DANIEL JAIME ESCAMILLA', 38),
(3725, NULL, NULL, 'DANIEL JAIME ESCAMILLA', 43),
(3726, NULL, NULL, 'DANIEL JAIME ESCAMILLA', 41),
(3727, NULL, NULL, 'DANIEL JAIME ESCAMILLA', 37),
(3728, NULL, NULL, 'DANIEL JAIME ESCAMILLA', 44),
(3729, NULL, NULL, 'DANIEL JAIME ESCAMILLA', 14),
(3730, NULL, NULL, 'DANIEL JAIME ESCAMILLA', 5),
(3731, NULL, NULL, 'DANIEL JAIME ESCAMILLA', 2),
(3732, NULL, NULL, 'DANIEL JAIME ESCAMILLA', 53),
(3733, NULL, NULL, 'LOPEZ RIVERA ERIKA ELIZABETH', 3),
(3734, NULL, NULL, 'LOPEZ RIVERA ERIKA ELIZABETH', 51),
(3735, NULL, NULL, 'LOPEZ RIVERA ERIKA ELIZABETH', 91),
(3736, NULL, NULL, 'LOPEZ RIVERA ERIKA ELIZABETH', 90),
(3737, NULL, NULL, 'LUGO BECERRA CLAUDIA VERONICA', 3),
(3738, NULL, NULL, 'LUGO BECERRA CLAUDIA VERONICA', 51),
(3739, NULL, NULL, 'LUGO BECERRA CLAUDIA VERONICA', 91),
(3740, NULL, NULL, 'LUGO BECERRA CLAUDIA VERONICA', 90),
(3741, NULL, NULL, 'SALAS MARQUEZ ALEJANDRO MOISES', 3),
(3742, NULL, NULL, 'SALAS MARQUEZ ALEJANDRO MOISES', 51),
(3743, NULL, NULL, 'SALAS MARQUEZ ALEJANDRO MOISES', 50),
(3744, NULL, NULL, 'SALAS MARQUEZ ALEJANDRO MOISES', 91),
(3745, NULL, NULL, 'SALAS MARQUEZ ALEJANDRO MOISES', 90),
(3746, NULL, NULL, 'MORENO GALVAN NORA DELIA', 3),
(3747, NULL, NULL, 'MORENO GALVAN NORA DELIA', 51),
(3748, NULL, NULL, 'MORENO GALVAN NORA DELIA', 91),
(3749, NULL, NULL, 'MORENO GALVAN NORA DELIA', 42),
(3750, NULL, NULL, 'MORENO GALVAN NORA DELIA', 90),
(3751, NULL, NULL, 'PECINA LICEA TANIA MARCELA', 3),
(3752, NULL, NULL, 'PECINA LICEA TANIA MARCELA', 91),
(3753, NULL, NULL, 'PECINA LICEA TANIA MARCELA', 90),
(3754, NULL, NULL, 'CARNIZALEZ GARCIA ERIKA LIZETH', 3),
(3755, NULL, NULL, 'CARNIZALEZ GARCIA ERIKA LIZETH', 91),
(3756, NULL, NULL, 'CARNIZALEZ GARCIA ERIKA LIZETH', 90),
(3757, NULL, NULL, 'REYES GONZALEZ DEISY PATRICIA', 3),
(3758, NULL, NULL, 'REYES GONZALEZ DEISY PATRICIA', 91),
(3759, NULL, NULL, 'REYES GONZALEZ DEISY PATRICIA', 90),
(3760, NULL, NULL, 'CERVANTES GUILLEN NORMA ANGELICA', 73),
(3761, NULL, NULL, 'MARTINEZ ROJO ANA MARIA', 73),
(3762, NULL, NULL, 'BERTHA NAYELI MONTOYA RIVERA', 73),
(3763, NULL, NULL, 'RESENDIZ GONZALEZ LINDA LORIEN', 73),
(3764, NULL, NULL, 'ARREDONDO FERRER MARIA ISABEL', 22),
(3765, NULL, NULL, 'ARREDONDO FERRER MARIA ISABEL', 21),
(3766, NULL, NULL, 'CHAVEZ NICASIO MARCELA', 22),
(3767, NULL, NULL, 'CHAVEZ NICASIO MARCELA', 21),
(3768, NULL, NULL, 'MARES MARTINEZ MARIA DOLORES', 22),
(3769, NULL, NULL, 'MARES MARTINEZ MARIA DOLORES', 21),
(3770, NULL, NULL, 'MORALES CABRERA HILDA SOCORRO', 22),
(3771, NULL, NULL, 'MORALES CABRERA HILDA SOCORRO', 21),
(3772, NULL, NULL, 'MENDEZ LUNA ANGELICA', 72),
(3773, NULL, NULL, 'MENDEZ LUNA ANGELICA', 31),
(3774, NULL, NULL, 'CAMPOS DOMINGUEZ HILDA', 72),
(3775, NULL, NULL, 'CAMPOS DOMINGUEZ HILDA', 31),
(3776, NULL, NULL, 'OBREGON RUIZ ANABEL', 72),
(3777, NULL, NULL, 'OBREGON RUIZ ANABEL', 31),
(3778, NULL, NULL, 'ROMERO MENDOZA MARCO ANTONIO', 72),
(3779, NULL, NULL, 'ROMERO MENDOZA MARCO ANTONIO', 31),
(3780, NULL, NULL, 'MARTINEZ ROSAS MARIA DEL MAR', 72),
(3781, NULL, NULL, 'MARTINEZ ROSAS MARIA DEL MAR', 31),
(3782, NULL, NULL, 'HUEPA ONOFRE CLAUDIA', 72),
(3783, NULL, NULL, 'HUEPA ONOFRE CLAUDIA', 31),
(3784, NULL, NULL, 'SANCHEZ CABRERA MARIEL', 72),
(3785, NULL, NULL, 'SANCHEZ CABRERA MARIEL', 31),
(3786, NULL, NULL, 'BENITEZ MUNGUIA JOSEFINA', 72),
(3787, NULL, NULL, 'BENITEZ MUNGUIA JOSEFINA', 31),
(3788, NULL, NULL, 'VAZQUEZ CABALLERO ANA LAURA', 72),
(3789, NULL, NULL, 'VAZQUEZ CABALLERO ANA LAURA', 31),
(3790, NULL, NULL, 'NUÐEZ MANZANO JESUS NOE', 72),
(3791, NULL, NULL, 'NUÐEZ MANZANO JESUS NOE', 31),
(3792, NULL, NULL, 'MELO HERNANDEZ EDILBURGA', 72),
(3793, NULL, NULL, 'MELO HERNANDEZ EDILBURGA', 31),
(3794, NULL, NULL, 'CASTILLO BAILON LETICIA', 72),
(3795, NULL, NULL, 'CASTILLO BAILON LETICIA', 31),
(3796, NULL, NULL, 'PEÐA HERRERA SANDRA PATRICIA', 72),
(3797, NULL, NULL, 'PEÐA HERRERA SANDRA PATRICIA', 31),
(3798, NULL, NULL, 'CORREA CARDENAS CRISTIAN CONCEPCION', 72),
(3799, NULL, NULL, 'CORREA CARDENAS CRISTIAN CONCEPCION', 31),
(3800, NULL, NULL, 'GRAJALES HERNANDEZ MAYRA ITZEL', 72),
(3801, NULL, NULL, 'GRAJALES HERNANDEZ MAYRA ITZEL', 31),
(3802, NULL, NULL, 'GUZMAN CASTILLO JESUS', 72),
(3803, NULL, NULL, 'GUZMAN CASTILLO JESUS', 31),
(3804, NULL, NULL, 'ARCE AMADO ARELI', 72),
(3805, NULL, NULL, 'ARCE AMADO ARELI', 31),
(3806, NULL, NULL, 'AREA DE ALMACEN PUEBLA CENTRO', 72),
(3807, NULL, NULL, 'AREA DE ALMACEN PUEBLA CENTRO', 31),
(3808, NULL, NULL, 'GUTIERREZ BARROSO ROSAURA', 72),
(3809, NULL, NULL, 'GUTIERREZ BARROSO ROSAURA', 31),
(3810, NULL, NULL, 'RICARDO VICENTE MARIA FERNANDA', 72),
(3811, NULL, NULL, 'RICARDO VICENTE MARIA FERNANDA', 31),
(3812, NULL, NULL, 'ZARATE BARAJAS GIOVANNA CRISTINA', 61),
(3813, NULL, NULL, 'ZARATE BARAJAS GIOVANNA CRISTINA', 91),
(3814, NULL, NULL, 'ZARATE BARAJAS GIOVANNA CRISTINA', 47),
(3815, NULL, NULL, 'ZARATE BARAJAS GIOVANNA CRISTINA', 53),
(3816, NULL, NULL, 'GOMEZ BRAVO GUADALUPE BERENICE', 61),
(3817, NULL, NULL, 'GOMEZ BRAVO GUADALUPE BERENICE', 91),
(3818, NULL, NULL, 'GOMEZ BRAVO GUADALUPE BERENICE', 47),
(3819, NULL, NULL, 'GOMEZ BRAVO GUADALUPE BERENICE', 53),
(3820, NULL, NULL, 'HERRERA MARTINEZ FERNANDO', 61),
(3821, NULL, NULL, 'HERRERA MARTINEZ FERNANDO', 91),
(3822, NULL, NULL, 'HERRERA MARTINEZ FERNANDO', 47),
(3823, NULL, NULL, 'HERRERA MARTINEZ FERNANDO', 53),
(3824, NULL, NULL, 'DE LA CRUZ GONZALEZ MIREYA', 61),
(3825, NULL, NULL, 'DE LA CRUZ GONZALEZ MIREYA', 91),
(3826, NULL, NULL, 'DE LA CRUZ GONZALEZ MIREYA', 47),
(3827, NULL, NULL, 'DE LA CRUZ GONZALEZ MIREYA', 53),
(3828, NULL, NULL, 'ESTRADA CERVANTES SANDRA IVETTE', 61),
(3829, NULL, NULL, 'ESTRADA CERVANTES SANDRA IVETTE', 91),
(3830, NULL, NULL, 'ESTRADA CERVANTES SANDRA IVETTE', 47),
(3831, NULL, NULL, 'ESTRADA CERVANTES SANDRA IVETTE', 53),
(3832, NULL, NULL, 'GARRIDO CHAVEZ MARIA REBECA', 61),
(3833, NULL, NULL, 'GARRIDO CHAVEZ MARIA REBECA', 91),
(3834, NULL, NULL, 'GARRIDO CHAVEZ MARIA REBECA', 47),
(3835, NULL, NULL, 'GARRIDO CHAVEZ MARIA REBECA', 53),
(3836, NULL, NULL, 'MACIAS BOBADILLA LAURA RAQUEL', 61),
(3837, NULL, NULL, 'MACIAS BOBADILLA LAURA RAQUEL', 91),
(3838, NULL, NULL, 'MACIAS BOBADILLA LAURA RAQUEL', 47),
(3839, NULL, NULL, 'MACIAS BOBADILLA LAURA RAQUEL', 53),
(3840, NULL, NULL, 'NAVARRO PARDO JOSE RAMON', 61),
(3841, NULL, NULL, 'NAVARRO PARDO JOSE RAMON', 91),
(3842, NULL, NULL, 'NAVARRO PARDO JOSE RAMON', 47),
(3843, NULL, NULL, 'NAVARRO PARDO JOSE RAMON', 53),
(3844, NULL, NULL, 'AREA DE ALMACEN GUADALAJARA MARIANO OTERO', 61),
(3845, NULL, NULL, 'AREA DE ALMACEN GUADALAJARA MARIANO OTERO', 91),
(3846, NULL, NULL, 'AREA DE ALMACEN GUADALAJARA MARIANO OTERO', 47),
(3847, NULL, NULL, 'AREA DE ALMACEN GUADALAJARA MARIANO OTERO', 53),
(3848, NULL, NULL, 'AREA DE ALMACEN GUADALAJARA KIOSKO', 61),
(3849, NULL, NULL, 'AREA DE ALMACEN GUADALAJARA KIOSKO', 91),
(3850, NULL, NULL, 'AREA DE ALMACEN GUADALAJARA KIOSKO', 47),
(3851, NULL, NULL, 'AREA DE ALMACEN GUADALAJARA KIOSKO', 53),
(3852, NULL, NULL, 'MIRIAM EVENTUAL', 61),
(3853, NULL, NULL, 'MIRIAM EVENTUAL', 91),
(3854, NULL, NULL, 'MIRIAM EVENTUAL', 47),
(3855, NULL, NULL, 'MIRIAM EVENTUAL', 53),
(3856, NULL, NULL, 'ORTEGA GALEANA LILIANA JANET', 61),
(3857, NULL, NULL, 'ORTEGA GALEANA LILIANA JANET', 91),
(3858, NULL, NULL, 'ORTEGA GALEANA LILIANA JANET', 47),
(3859, NULL, NULL, 'ORTEGA GALEANA LILIANA JANET', 53),
(3860, NULL, NULL, 'MARIA FERNANDA PADILLA GONZALEZ', 61),
(3861, NULL, NULL, 'MARIA FERNANDA PADILLA GONZALEZ', 91),
(3862, NULL, NULL, 'MARIA FERNANDA PADILLA GONZALEZ', 47),
(3863, NULL, NULL, 'MARIA FERNANDA PADILLA GONZALEZ', 53),
(3864, NULL, NULL, 'SALAZAR JUAREZ MARIA ISABEL', 61),
(3865, NULL, NULL, 'SALAZAR JUAREZ MARIA ISABEL', 91),
(3866, NULL, NULL, 'SALAZAR JUAREZ MARIA ISABEL', 47),
(3867, NULL, NULL, 'SALAZAR JUAREZ MARIA ISABEL', 53),
(3868, NULL, NULL, 'ORTIZ BALDERAS LILIA', 75),
(3869, NULL, NULL, 'NAJERA SEGURA MANUELA ENYIZENITH', 75),
(3870, NULL, NULL, 'CUEVAS LOPEZ LETICIA IBET', 75),
(3871, NULL, NULL, 'ORTIZ CELIS KEREN EDITH', 75),
(3872, NULL, NULL, 'DIAZ CARRILLO JUANA CONCEPCION', 74),
(3873, NULL, NULL, 'MARTINEZ MARTINEZ ROSALINDA', 74),
(3874, NULL, NULL, 'PINEDA RODRIGUEZ NATIVIDAD', 6),
(3875, NULL, NULL, 'HERNANDEZ BRAVO MARIBEL', 6),
(3876, NULL, NULL, 'ESTRADA PRADO PATRICIA', 77),
(3877, NULL, NULL, 'CHAVEZ HUERTA MONICA', 77),
(3878, NULL, NULL, 'SALAZAR VILLALOBOS JANETH', 77),
(3879, NULL, NULL, 'TRAIN RENDON MARIA SALOME', 15),
(3880, NULL, NULL, 'BAUTISTA HERNANDEZ BEATRIZ', 15),
(3881, NULL, NULL, 'MENDOZA PEREZ SAMANTHA', 16),
(3882, NULL, NULL, 'GONZALEZ VILLA SARAHI', 16),
(3883, NULL, NULL, 'MANCILLA ALVARADO DULCE MARIA', 16),
(3884, NULL, NULL, 'PEREZ MIGUEL AURORA', 16),
(3885, NULL, NULL, 'VELASCO GRANILLO VERONICA', 16),
(3886, NULL, NULL, 'CASTILLO CASTILLO XOCHITL', 16),
(3887, NULL, NULL, 'VEGA MENDEZ KARLA', 36),
(3888, NULL, NULL, 'VEGA MENDEZ KARLA', 38),
(3889, NULL, NULL, 'VEGA MENDEZ KARLA', 43),
(3890, NULL, NULL, 'VEGA MENDEZ KARLA', 41),
(3891, NULL, NULL, 'VEGA MENDEZ KARLA', 37),
(3892, NULL, NULL, 'VEGA MENDEZ KARLA', 44),
(3893, NULL, NULL, 'VEGA MENDEZ KARLA', 14),
(3894, NULL, NULL, 'VEGA MENDEZ KARLA', 5),
(3895, NULL, NULL, 'VEGA MENDEZ KARLA', 78),
(3896, NULL, NULL, 'RAMIREZ FUENTES ELOINA CRISTINA', 78),
(3897, NULL, NULL, 'RAMIREZ FUENTES ELOINA CRISTINA', 5),
(3898, NULL, NULL, 'MARQUEZ CONDE ELIA TAIDE', 78),
(3899, NULL, NULL, 'MARQUEZ CONDE ELIA TAIDE', 5),
(3900, NULL, NULL, 'RUIZ PASCUAL OLIVA', 12),
(3901, NULL, NULL, 'SANCHEZ RUIZ NOEMI', 12),
(3902, NULL, NULL, 'MANUEL FELIX MARCELA RAQUEL', 12),
(3903, NULL, NULL, 'LOPEZ AGUILAR EDITH', 12),
(3904, NULL, NULL, 'RANGEL PATIÐO MARIA JOVITA', 80),
(3905, NULL, NULL, 'PEREZ GASCA FABIOLA', 80),
(3906, NULL, NULL, 'DIAZ SANCHEZ CLAUDIA ISABEL', 80),
(3907, NULL, NULL, 'PEREZ PEDROZA GLORIA LETICIA', 26),
(3908, NULL, NULL, 'SANCHEZ CHAVEZ FLOR MARIA DEL REFUGIO', 26),
(3909, NULL, NULL, 'GARCIA GONZALEZ LIZBETH', 79),
(3910, NULL, NULL, 'TORRES LANCON CLAUDIA', 79),
(3911, NULL, NULL, 'MAGAÐA DE LA LUZ LAURA', 85),
(3912, NULL, NULL, 'SALAZAR CASTELLANOS MARIANA', 85),
(3913, NULL, NULL, 'MENDOZA LOPEZ MARGARITA', 85),
(3914, NULL, NULL, 'HERNANDEZ MORALES NANCY GABRIELA', 85),
(3915, NULL, NULL, 'MORALES GARDUÑO JOSE MANUEL', 4),
(3916, NULL, NULL, 'AGUILAR BENITEZ FRANCISCO MIGUEL ANGEL', 4),
(3917, NULL, NULL, 'GERENTE', 4),
(3918, NULL, NULL, 'REYES CHINO DIANA', 4),
(3919, NULL, NULL, 'RUPERTO JERONIMO MARIBEL', 4),
(3920, NULL, NULL, 'MIRANDA REYES NORMA EUNICE', 89),
(3921, NULL, NULL, 'PEREA OCHOA SUSANA CRISTINA', 89),
(3922, NULL, NULL, 'BALLESTERO BALLESTERO ELIDA LIZBETH', 89),
(3923, NULL, NULL, 'MACIAS PEREGRINO AGUEDA', 89),
(3924, NULL, NULL, 'AREA DE ALMACEN CHIHUAHUA', 89),
(3925, NULL, NULL, 'KARLA YESENIA REYES CALDERON', 65),
(3926, NULL, NULL, 'KARLA YESENIA REYES CALDERON', 58),
(3927, NULL, NULL, 'GUZMAN ZAMUDIO LIZBETH', 65),
(3928, NULL, NULL, 'GUZMAN ZAMUDIO LIZBETH', 58),
(3929, NULL, NULL, 'OLALDE RAMIREZ ANA LAURA', 65),
(3930, NULL, NULL, 'OLALDE RAMIREZ ANA LAURA', 58),
(3931, NULL, NULL, 'HUIJON VELAZQUEZ ELIZABETH', 65),
(3932, NULL, NULL, 'HUIJON VELAZQUEZ ELIZABETH', 58),
(3933, NULL, NULL, 'VARGAS RUIZ SANDRA', 65),
(3934, NULL, NULL, 'VARGAS RUIZ SANDRA', 58),
(3935, NULL, NULL, 'RUIZ PONCE JAZMIN', 34),
(3936, NULL, NULL, 'RUIZ PONCE JAZMIN', 47),
(3937, NULL, NULL, 'RUIZ PONCE JAZMIN', 57),
(3938, NULL, NULL, 'NIETO CHAVEZ RUTH GUADALUPE', 34),
(3939, NULL, NULL, 'NIETO CHAVEZ RUTH GUADALUPE', 47),
(3940, NULL, NULL, 'NIETO CHAVEZ RUTH GUADALUPE', 57),
(3941, NULL, NULL, 'GRISELD MURILLO NANCY', 34),
(3942, NULL, NULL, 'GRISELD MURILLO NANCY', 47),
(3943, NULL, NULL, 'GRISELD MURILLO NANCY', 57),
(3944, NULL, NULL, 'GALAN MENDOZA AZUCENA', 7),
(3945, NULL, NULL, 'GALAN MENDOZA AZUCENA', 75),
(3946, NULL, NULL, 'CORDOBA GONZALEZ SUSANA', 7),
(3947, NULL, NULL, 'CORDOBA GONZALEZ SUSANA', 12),
(3948, NULL, NULL, 'GOMEZ CORTES MARIA FABIOLA', 5),
(3949, NULL, NULL, 'GRANILLO ALCANTARA VERONICA', 5),
(3950, NULL, NULL, 'DELGADO HERNANDEZ MARIA DEL CARMEN', 5),
(3951, NULL, NULL, 'MENDOZA GARCIA GABRIELA', 5),
(3952, NULL, NULL, 'ROMERO PONCE CRUZ MANUEL', 5),
(3953, NULL, NULL, 'TORRES SOTERO MARIANA', 13),
(3954, NULL, NULL, 'TORRES SOTERO MARIANA', 5),
(3955, NULL, NULL, 'MONROY GARCIA LAURA ELIZABETH', 13),
(3956, NULL, NULL, 'MONROY GARCIA LAURA ELIZABETH', 5),
(3957, NULL, NULL, 'GONZALEZ AGUILAR KARINA', 13),
(3958, NULL, NULL, 'GONZALEZ AGUILAR KARINA', 5),
(3959, NULL, NULL, 'PEREZ ARACEN', 13),
(3960, NULL, NULL, 'PEREZ ARACEN', 5),
(3961, NULL, NULL, 'ROQUE ROQUE TERESA LIDOINE', 13),
(3962, NULL, NULL, 'ROQUE ROQUE TERESA LIDOINE', 5),
(3963, NULL, NULL, 'FELICIANO AGUSTIN ENEDINA BLANCA', 13),
(3964, NULL, NULL, 'FELICIANO AGUSTIN ENEDINA BLANCA', 5),
(3965, NULL, NULL, 'RAMIREZ RAMIREZ JANNET', 24),
(3966, NULL, NULL, 'CUEVAS MEDRANO LEFTINI SCARLETT', 24),
(3967, NULL, NULL, 'CARRASCO GONZALEZ ALICIA MAYRA', 24),
(3968, NULL, NULL, 'GOMEZ TAGLE LEE NORA HILDA', 23),
(3969, NULL, NULL, 'GOMEZ TAGLE LEE NORA HILDA', 17),
(3970, NULL, NULL, 'GONZALEZ AGUILAR LETICIA', 23),
(3971, NULL, NULL, 'GONZALEZ AGUILAR LETICIA', 17),
(3972, NULL, NULL, 'GOMEZ GONZALEZ CONSUELO', 17),
(3973, NULL, NULL, 'GOMEZ GONZALEZ CONSUELO', 23),
(3974, NULL, NULL, 'REYES GUTIERREZ BERENICE', 17),
(3975, NULL, NULL, 'REYES GUTIERREZ BERENICE', 23),
(3976, NULL, NULL, 'GOMEZ GARCIA TANIA PATRICIA', 17),
(3977, NULL, NULL, 'GOMEZ GARCIA TANIA PATRICIA', 23),
(3978, NULL, NULL, 'VIVEROS ROMERO JAZMIN', 25),
(3979, NULL, NULL, 'VIVEROS ROMERO JAZMIN', 34),
(3980, NULL, NULL, 'VIVEROS ROMERO JAZMIN', 47),
(3981, NULL, NULL, 'VIVEROS ROMERO JAZMIN', 57),
(3982, NULL, NULL, 'RIOS GARCIA LILIANA', 25),
(3983, NULL, NULL, 'RIOS GARCIA LILIANA', 34),
(3984, NULL, NULL, 'RIOS GARCIA LILIANA', 47),
(3985, NULL, NULL, 'RIOS GARCIA LILIANA', 57),
(3986, NULL, NULL, 'TEJADA LEAÐOS MARIA DE JESUS', 27),
(3987, NULL, NULL, 'TEJADA LEAÐOS MARIA DE JESUS', 28),
(3988, NULL, NULL, 'SAUREZ MENDEZ INGRID REBECA', 27),
(3989, NULL, NULL, 'SAUREZ MENDEZ INGRID REBECA', 28),
(3990, NULL, NULL, 'RAMIREZ RANGEL ANA ROSA', 27),
(3991, NULL, NULL, 'RAMIREZ RANGEL ANA ROSA', 28),
(3992, NULL, NULL, 'AVALOS GONZALEZ IVONNE GUADALUPE', 27),
(3993, NULL, NULL, 'AVALOS GONZALEZ IVONNE GUADALUPE', 28),
(3994, NULL, NULL, 'FERNANDEZ REYES MAYRA ALEJANDRA', 27),
(3995, NULL, NULL, 'FERNANDEZ REYES MAYRA ALEJANDRA', 28),
(3996, NULL, NULL, 'BERNAL ACOSTA PERLA DENISSE', 27),
(3997, NULL, NULL, 'BERNAL ACOSTA PERLA DENISSE', 28),
(3998, NULL, NULL, 'ROMERO PATLAN ADRIANA JOSEFINA', 27),
(3999, NULL, NULL, 'ROMERO PATLAN ADRIANA JOSEFINA', 28),
(4000, NULL, NULL, 'LEAL GUERRA LIRIA LIZETH', 27),
(4001, NULL, NULL, 'LEAL GUERRA LIRIA LIZETH', 28),
(4002, NULL, NULL, 'DE LA REA ARMENTA JACQUELINE', 27),
(4003, NULL, NULL, 'DE LA REA ARMENTA JACQUELINE', 28),
(4004, NULL, NULL, 'GUZMAN VAZQUEZ TANIA IVONNNE', 27),
(4005, NULL, NULL, 'GUZMAN VAZQUEZ TANIA IVONNNE', 28),
(4006, NULL, NULL, 'MARTINEZ ROBLES BRENDA MARISELA', 27),
(4007, NULL, NULL, 'MARTINEZ ROBLES BRENDA MARISELA', 28),
(4008, NULL, NULL, 'VALDEZ GUTIERREZ CYNTHIA MELISSA', 27),
(4009, NULL, NULL, 'VALDEZ GUTIERREZ CYNTHIA MELISSA', 28),
(4010, NULL, NULL, 'LOZANO ZUÑIGA ANA JANETH', 27),
(4011, NULL, NULL, 'LOZANO ZUÑIGA ANA JANETH', 28),
(4012, NULL, NULL, 'CHAVEZ CRUZ LAURA MARIA', 86),
(4013, NULL, NULL, 'CASTRO RAMIREZ ESTEPHANNY GUADALUPE', 86),
(4014, NULL, NULL, 'TELLEZ RIOS LORENA GUADALUPE', 86),
(4015, NULL, NULL, 'MORALES HERNANDEZ GLORIA', 86),
(4016, NULL, NULL, 'LONA HERNANDEZ ANA VICTORIA', 86),
(4017, NULL, NULL, 'HERRARA GARCIA DANIELA', 86),
(4018, NULL, NULL, 'VAZQUEZ TREJO MARIA DEL SOCORRO', 86),
(4019, NULL, NULL, 'PATY MACIAS', 68),
(4020, NULL, NULL, 'PATY MACIAS', 69),
(4021, NULL, NULL, 'ROMERO MARQUEZ ELVIA', 30),
(4022, NULL, NULL, 'CUELLAR HERRERA ROSALIA', 30),
(4023, NULL, NULL, 'SANCHEZ SALINAS MARIA EMILIA', 30),
(4024, NULL, NULL, 'CASTILLO TORRES DELIA SARA', 30),
(4025, NULL, NULL, 'CUAHUTLE ZARATE LUZ MARIA', 30),
(4026, NULL, NULL, 'VELAZQUEZ VELAZCO ARMANDO ENRIQUE', 36),
(4027, NULL, NULL, 'VELAZQUEZ VELAZCO ARMANDO ENRIQUE', 38),
(4028, NULL, NULL, 'VELAZQUEZ VELAZCO ARMANDO ENRIQUE', 43),
(4029, NULL, NULL, 'VELAZQUEZ VELAZCO ARMANDO ENRIQUE', 41),
(4030, NULL, NULL, 'VELAZQUEZ VELAZCO ARMANDO ENRIQUE', 37),
(4031, NULL, NULL, 'VELAZQUEZ VELAZCO ARMANDO ENRIQUE', 44),
(4032, NULL, NULL, 'VELAZQUEZ VELAZCO ARMANDO ENRIQUE', 14),
(4033, NULL, NULL, 'VELAZQUEZ VELAZCO ARMANDO ENRIQUE', 5),
(4034, NULL, NULL, 'DEL OLMO NOLASCO FERNANDO', 36),
(4035, NULL, NULL, 'DEL OLMO NOLASCO FERNANDO', 38),
(4036, NULL, NULL, 'DEL OLMO NOLASCO FERNANDO', 43),
(4037, NULL, NULL, 'DEL OLMO NOLASCO FERNANDO', 41),
(4038, NULL, NULL, 'DEL OLMO NOLASCO FERNANDO', 37),
(4039, NULL, NULL, 'DEL OLMO NOLASCO FERNANDO', 44),
(4040, NULL, NULL, 'DEL OLMO NOLASCO FERNANDO', 14),
(4041, NULL, NULL, 'DEL OLMO NOLASCO FERNANDO', 5),
(4042, NULL, NULL, 'HERNANDEZ AYALA ABEL', 36),
(4043, NULL, NULL, 'HERNANDEZ AYALA ABEL', 38),
(4044, NULL, NULL, 'HERNANDEZ AYALA ABEL', 43),
(4045, NULL, NULL, 'HERNANDEZ AYALA ABEL', 41),
(4046, NULL, NULL, 'HERNANDEZ AYALA ABEL', 37),
(4047, NULL, NULL, 'HERNANDEZ AYALA ABEL', 44),
(4048, NULL, NULL, 'HERNANDEZ AYALA ABEL', 14),
(4049, NULL, NULL, 'HERNANDEZ AYALA ABEL', 5),
(4050, NULL, NULL, 'GALVAN GONZALEZ GUSTAVO', 36),
(4051, NULL, NULL, 'GALVAN GONZALEZ GUSTAVO', 38),
(4052, NULL, NULL, 'GALVAN GONZALEZ GUSTAVO', 43),
(4053, NULL, NULL, 'GALVAN GONZALEZ GUSTAVO', 41),
(4054, NULL, NULL, 'GALVAN GONZALEZ GUSTAVO', 37),
(4055, NULL, NULL, 'GALVAN GONZALEZ GUSTAVO', 44),
(4056, NULL, NULL, 'GALVAN GONZALEZ GUSTAVO', 14),
(4057, NULL, NULL, 'GALVAN GONZALEZ GUSTAVO', 5),
(4058, NULL, NULL, 'BLANDO CRUZ NORA', 36),
(4059, NULL, NULL, 'BLANDO CRUZ NORA', 38),
(4060, NULL, NULL, 'BLANDO CRUZ NORA', 43),
(4061, NULL, NULL, 'BLANDO CRUZ NORA', 41),
(4062, NULL, NULL, 'BLANDO CRUZ NORA', 37),
(4063, NULL, NULL, 'BLANDO CRUZ NORA', 44),
(4064, NULL, NULL, 'BLANDO CRUZ NORA', 14),
(4065, NULL, NULL, 'BLANDO CRUZ NORA', 5),
(4066, NULL, NULL, 'MUÐOZ LOPEZ SELENIA', 36),
(4067, NULL, NULL, 'MUÐOZ LOPEZ SELENIA', 38),
(4068, NULL, NULL, 'MUÐOZ LOPEZ SELENIA', 43),
(4069, NULL, NULL, 'MUÐOZ LOPEZ SELENIA', 41),
(4070, NULL, NULL, 'MUÐOZ LOPEZ SELENIA', 37),
(4071, NULL, NULL, 'MUÐOZ LOPEZ SELENIA', 44),
(4072, NULL, NULL, 'MUÐOZ LOPEZ SELENIA', 14),
(4073, NULL, NULL, 'MUÐOZ LOPEZ SELENIA', 5),
(4074, NULL, NULL, 'TREJO VAZQUEZ SANDRA EDITH', 36),
(4075, NULL, NULL, 'TREJO VAZQUEZ SANDRA EDITH', 38),
(4076, NULL, NULL, 'TREJO VAZQUEZ SANDRA EDITH', 43),
(4077, NULL, NULL, 'TREJO VAZQUEZ SANDRA EDITH', 41),
(4078, NULL, NULL, 'TREJO VAZQUEZ SANDRA EDITH', 37),
(4079, NULL, NULL, 'TREJO VAZQUEZ SANDRA EDITH', 44),
(4080, NULL, NULL, 'TREJO VAZQUEZ SANDRA EDITH', 14),
(4081, NULL, NULL, 'TREJO VAZQUEZ SANDRA EDITH', 5),
(4082, NULL, NULL, 'LOPEZ MIGUEL YOLANDA', 36),
(4083, NULL, NULL, 'LOPEZ MIGUEL YOLANDA', 38),
(4084, NULL, NULL, 'LOPEZ MIGUEL YOLANDA', 43),
(4085, NULL, NULL, 'LOPEZ MIGUEL YOLANDA', 41),
(4086, NULL, NULL, 'LOPEZ MIGUEL YOLANDA', 37),
(4087, NULL, NULL, 'LOPEZ MIGUEL YOLANDA', 44),
(4088, NULL, NULL, 'LOPEZ MIGUEL YOLANDA', 14),
(4089, NULL, NULL, 'LOPEZ MIGUEL YOLANDA', 5),
(4090, NULL, NULL, 'JAIME ESCAMILLA DANIEL', 36),
(4091, NULL, NULL, 'JAIME ESCAMILLA DANIEL', 38),
(4092, NULL, NULL, 'JAIME ESCAMILLA DANIEL', 43),
(4093, NULL, NULL, 'JAIME ESCAMILLA DANIEL', 41),
(4094, NULL, NULL, 'JAIME ESCAMILLA DANIEL', 37),
(4095, NULL, NULL, 'JAIME ESCAMILLA DANIEL', 44),
(4096, NULL, NULL, 'JAIME ESCAMILLA DANIEL', 14),
(4097, NULL, NULL, 'JAIME ESCAMILLA DANIEL', 5),
(4098, NULL, NULL, 'CELESTINO CANOBAS MARTINA ALEJANDRA', 14),
(4099, NULL, NULL, 'GUTIERREZ RUIZ CLAUDIA ELIZABETH', 36),
(4100, NULL, NULL, 'GUTIERREZ RUIZ CLAUDIA ELIZABETH', 38),
(4101, NULL, NULL, 'GUTIERREZ RUIZ CLAUDIA ELIZABETH', 43),
(4102, NULL, NULL, 'GUTIERREZ RUIZ CLAUDIA ELIZABETH', 41),
(4103, NULL, NULL, 'GUTIERREZ RUIZ CLAUDIA ELIZABETH', 37),
(4104, NULL, NULL, 'GUTIERREZ RUIZ CLAUDIA ELIZABETH', 44),
(4105, NULL, NULL, 'GUTIERREZ RUIZ CLAUDIA ELIZABETH', 14),
(4106, NULL, NULL, 'GUTIERREZ RUIZ CLAUDIA ELIZABETH', 5),
(4107, NULL, NULL, 'RAMIREZ SAUCEDO LAURA', 36),
(4108, NULL, NULL, 'RAMIREZ SAUCEDO LAURA', 38),
(4109, NULL, NULL, 'RAMIREZ SAUCEDO LAURA', 43),
(4110, NULL, NULL, 'RAMIREZ SAUCEDO LAURA', 41),
(4111, NULL, NULL, 'RAMIREZ SAUCEDO LAURA', 37),
(4112, NULL, NULL, 'RAMIREZ SAUCEDO LAURA', 44),
(4113, NULL, NULL, 'RAMIREZ SAUCEDO LAURA', 14),
(4114, NULL, NULL, 'RAMIREZ SAUCEDO LAURA', 5),
(4115, NULL, NULL, 'MALDONADO CUELLAR ANDREA PAMELA', 36),
(4116, NULL, NULL, 'MALDONADO CUELLAR ANDREA PAMELA', 38),
(4117, NULL, NULL, 'MALDONADO CUELLAR ANDREA PAMELA', 43),
(4118, NULL, NULL, 'MALDONADO CUELLAR ANDREA PAMELA', 41),
(4119, NULL, NULL, 'MALDONADO CUELLAR ANDREA PAMELA', 37),
(4120, NULL, NULL, 'MALDONADO CUELLAR ANDREA PAMELA', 44),
(4121, NULL, NULL, 'MALDONADO CUELLAR ANDREA PAMELA', 14),
(4122, NULL, NULL, 'MALDONADO CUELLAR ANDREA PAMELA', 5),
(4123, NULL, NULL, 'PEREZ HERNANDEZ ARIADNA', 36),
(4124, NULL, NULL, 'PEREZ HERNANDEZ ARIADNA', 38),
(4125, NULL, NULL, 'PEREZ HERNANDEZ ARIADNA', 43),
(4126, NULL, NULL, 'PEREZ HERNANDEZ ARIADNA', 41),
(4127, NULL, NULL, 'PEREZ HERNANDEZ ARIADNA', 37),
(4128, NULL, NULL, 'PEREZ HERNANDEZ ARIADNA', 44),
(4129, NULL, NULL, 'PEREZ HERNANDEZ ARIADNA', 14),
(4130, NULL, NULL, 'PEREZ HERNANDEZ ARIADNA', 5),
(4131, NULL, NULL, 'ANA MARIA RAMIREZ SANCHEZ', 36),
(4132, NULL, NULL, 'ANA MARIA RAMIREZ SANCHEZ', 38),
(4133, NULL, NULL, 'ANA MARIA RAMIREZ SANCHEZ', 43),
(4134, NULL, NULL, 'ANA MARIA RAMIREZ SANCHEZ', 41),
(4135, NULL, NULL, 'ANA MARIA RAMIREZ SANCHEZ', 37),
(4136, NULL, NULL, 'ANA MARIA RAMIREZ SANCHEZ', 44),
(4137, NULL, NULL, 'ANA MARIA RAMIREZ SANCHEZ', 14),
(4138, NULL, NULL, 'ANA MARIA RAMIREZ SANCHEZ', 5),
(4139, NULL, NULL, 'MARTINEZ GUILLEN ALEJANDRA ITZEL', 36),
(4140, NULL, NULL, 'MARTINEZ GUILLEN ALEJANDRA ITZEL', 38),
(4141, NULL, NULL, 'MARTINEZ GUILLEN ALEJANDRA ITZEL', 43),
(4142, NULL, NULL, 'MARTINEZ GUILLEN ALEJANDRA ITZEL', 41),
(4143, NULL, NULL, 'MARTINEZ GUILLEN ALEJANDRA ITZEL', 37),
(4144, NULL, NULL, 'MARTINEZ GUILLEN ALEJANDRA ITZEL', 44),
(4145, NULL, NULL, 'MARTINEZ GUILLEN ALEJANDRA ITZEL', 14),
(4146, NULL, NULL, 'MARTINEZ GUILLEN ALEJANDRA ITZEL', 5),
(4147, NULL, NULL, 'ARCOS MARTINEZ GIOVANNI OSCAR', 36),
(4148, NULL, NULL, 'ARCOS MARTINEZ GIOVANNI OSCAR', 38),
(4149, NULL, NULL, 'ARCOS MARTINEZ GIOVANNI OSCAR', 43),
(4150, NULL, NULL, 'ARCOS MARTINEZ GIOVANNI OSCAR', 41),
(4151, NULL, NULL, 'ARCOS MARTINEZ GIOVANNI OSCAR', 37),
(4152, NULL, NULL, 'ARCOS MARTINEZ GIOVANNI OSCAR', 44),
(4153, NULL, NULL, 'ARCOS MARTINEZ GIOVANNI OSCAR', 14),
(4154, NULL, NULL, 'ARCOS MARTINEZ GIOVANNI OSCAR', 5),
(4155, NULL, NULL, 'MARTINEZ GONZALEZ GRACIELA', 36),
(4156, NULL, NULL, 'MARTINEZ GONZALEZ GRACIELA', 38),
(4157, NULL, NULL, 'MARTINEZ GONZALEZ GRACIELA', 43),
(4158, NULL, NULL, 'MARTINEZ GONZALEZ GRACIELA', 41),
(4159, NULL, NULL, 'MARTINEZ GONZALEZ GRACIELA', 37),
(4160, NULL, NULL, 'MARTINEZ GONZALEZ GRACIELA', 44),
(4161, NULL, NULL, 'MARTINEZ GONZALEZ GRACIELA', 14),
(4162, NULL, NULL, 'MARTINEZ GONZALEZ GRACIELA', 5),
(4163, NULL, NULL, 'LIZAMA RODRIGUEZ TERESITA DE JESUS', 76),
(4164, NULL, NULL, 'LIZAMA RODRIGUEZ TERESITA DE JESUS', 45),
(4165, NULL, NULL, 'SANCHEZ AGUILAR ELSA DEL SOCORRO', 76),
(4166, NULL, NULL, 'SANCHEZ AGUILAR ELSA DEL SOCORRO', 45),
(4167, NULL, NULL, 'GIL GONZALEZ MARIA LUISA', 76),
(4168, NULL, NULL, 'GIL GONZALEZ MARIA LUISA', 45),
(4169, NULL, NULL, 'GUMETA SALAZAR NERY GUADALUPE', 40),
(4170, NULL, NULL, 'PEREZ GOMEZ BERTHA FRANCISCA', 40),
(4171, NULL, NULL, 'VIZARRAGA ANDRADE SANDRA IVONNE', 51),
(4172, NULL, NULL, 'ORNELAS MERAZ SUHEIL LETICIA', 51),
(4173, NULL, NULL, 'GUZMAN RINCON MARIBEL', 51),
(4174, NULL, NULL, 'CAÐAS GARCIA MARIA ELIZABETH', 19),
(4175, NULL, NULL, 'SEGOVIA SALAZAR FABIOLA', 19),
(4176, NULL, NULL, 'SANTIAGO ESCUDERO BLANCA ESTELA', 19),
(4177, NULL, NULL, 'LEIDY ADRIANA GOMEZ CISNEROS', 19),
(4178, NULL, NULL, 'GUERRA GARCIA CARMEN', 59),
(4179, NULL, NULL, 'RAMIREZ COVARRUBIAS MARIA TERESA', 59),
(4180, NULL, NULL, 'CASTELLANOS AVILA ALFONSO', 20),
(4181, NULL, NULL, 'CASTELLANOS AVILA ALFONSO', 82),
(4182, NULL, NULL, 'PEREDO PINEDA CARLOS ALBERTO', 20),
(4183, NULL, NULL, 'PEREDO PINEDA CARLOS ALBERTO', 82),
(4184, NULL, NULL, 'VAZQUEZ GONZALEZ SOCORRO', 20),
(4185, NULL, NULL, 'VAZQUEZ GONZALEZ SOCORRO', 82),
(4186, NULL, NULL, 'ROSAS GOMEZ URIEL', 20),
(4187, NULL, NULL, 'ROSAS GOMEZ URIEL', 82),
(4188, NULL, NULL, 'RODRIGUEZ ORTIZ AMADA', 45),
(4189, NULL, NULL, 'RODRIGUEZ RAMIREZ VERONICA', 45),
(4190, NULL, NULL, 'CHAN CHIN SELENA VIANEY', 45),
(4191, NULL, NULL, 'GOMEZ GUTIERREZ CAROLINA', 45),
(4192, NULL, NULL, 'BELMARES SANCHEZ ALEJANDRA', 42),
(4193, NULL, NULL, 'BALDERAS BUSTOS NELLY PATRICIA', 42),
(4194, NULL, NULL, 'COVARRUBIAS MARTINEZ MARCELA ELIZABETH', 42),
(4195, NULL, NULL, 'RESENDIZ ELIAS KAREN LIZETH', 42),
(4196, NULL, NULL, 'DE LA CRUZ ALVAREZ MARISOL', 49),
(4197, NULL, NULL, 'SANCHEZ LAZARO BARTOLA YANEY', 49),
(4198, NULL, NULL, 'CORDOVA CORDOVA AURA CECILIA', 49),
(4199, NULL, NULL, 'ENEDINA WILLIAMS MENDEZ', 49),
(4200, NULL, NULL, 'HERNANDEZ SAENZ MARIA ASUNCION', 49),
(4201, NULL, NULL, 'GONZALEZ LOPEZ YANET', 49),
(4202, NULL, NULL, 'TEJEDA RODRIGUEZ BLANCA', 56),
(4203, NULL, NULL, 'FRIAS IBARRA JOSE LUIS', 56),
(4204, NULL, NULL, 'PADILLA FLORES SONIA EDITH', 56),
(4205, NULL, NULL, 'SALDIVAR RAMOS SAYURI VIRIDIANA', 56),
(4206, NULL, NULL, 'LABRA CHAVEZ MONICA ALEJANDRA', 56),
(4207, NULL, NULL, 'HERNANDEZ PLIEGO BLANCA YANET', 56),
(4208, NULL, NULL, 'ORTEGA SAMANO ULISES', 56),
(4210, NULL, NULL, 'geduardo', 14),
(4211, NULL, NULL, 'geduardo', 13),
(4212, NULL, NULL, 'geduardo', 12),
(4213, NULL, NULL, 'geduardo', 7),
(4214, NULL, NULL, 'geduardo', 71),
(4215, NULL, NULL, 'geduardo', 61),
(4216, NULL, NULL, 'geduardo', 3),
(4217, NULL, NULL, 'geduardo', 50),
(4218, NULL, NULL, 'geduardo', 21),
(4219, NULL, NULL, 'geduardo', 25);

-- --------------------------------------------------------

--
-- Table structure for table `usuario`
--

CREATE TABLE IF NOT EXISTS `usuario` (
  `username` varchar(50) NOT NULL,
  `password` varchar(64) DEFAULT NULL,
  `f_tipousuario` varchar(13) NOT NULL,
  PRIMARY KEY (`username`),
  KEY `fk_usuario_tipousuario1_idx` (`f_tipousuario`)
) ENGINE=InnoDB DEFAULT CHARSET=latin1;

--
-- Dumping data for table `usuario`
--

INSERT INTO `usuario` (`username`, `password`, `f_tipousuario`) VALUES
('ADAME ROMERO AURORA', 'CAAURORA', 'asesor'),
('AGUILAR BENITEZ FRANCISCO MIGUEL ANGEL', 'MIGUELAN', 'asesor'),
('AMEZQUITA CAMPECHANO JOSE FELIPE', 'PDFELIPE', 'asesor'),
('ANA MARIA RAMIREZ SANCHEZ', 'ANAMARIA', 'asesor'),
('ARCE AMADO ARELI', 'CEARELIA', 'asesor'),
('ARCOS MARTINEZ GIOVANNI OSCAR', 'GIOVANNI', 'asesor'),
('AREA DE ALMACEN CHIHUAHUA', 'C{ALMCHI', 'asesor'),
('AREA DE ALMACEN GUADALAJARA KIOSKO', 'CGALMKIO', 'asesor'),
('AREA DE ALMACEN GUADALAJARA MARIANO OTERO', 'CGALMMAR', 'asesor'),
('AREA DE ALMACEN PUEBLA CENTRO', 'RQPUECEN', 'asesor'),
('AREA DE MUESTRARIO GOLONDRINAS', 'GOLONDRI', 'asesor'),
('ARREDONDO FERRER MARIA ISABEL', 'CRISABEL', 'asesor'),
('AVALOS GONZALEZ IVONNE GUADALUPE', 'C(IVONNE', 'asesor'),
('BALDERAS BUSTOS NELLY PATRICIA', 'NELLYPAT', 'asesor'),
('BALLESTERO BALLESTERO ELIDA LIZBETH', 'C{ELIDAL', 'asesor'),
('BAUTISTA HERNANDEZ BEATRIZ', 'CLBEATRI', 'asesor'),
('BELMARES SANCHEZ ALEJANDRA', 'BELMARES', 'asesor'),
('BENITEZ MUNGUIA JOSEFINA', 'CEJOSEFI', 'asesor'),
('BERNAL ACOSTA PERLA DENISSE', 'C(DENISS', 'asesor'),
('BERTHA NAYELI MONTOYA RIVERA', 'CCBERTHA', 'asesor'),
('BLANDO CRUZ NORA', 'MOBLANDO', 'asesor'),
('CAÐAS GARCIA MARIA ELIZABETH', 'CPELIZAB', 'asesor'),
('CAMPOS DOMINGUEZ HILDA', 'CEHILDAC', 'asesor'),
('CARNIZALEZ GARCIA ERIKA LIZETH', 'CBERIKAL', 'asesor'),
('CARRASCO GONZALEZ ALICIA MAYRA', 'ALICIAMA', 'asesor'),
('CASTELLANOS AVILA ALFONSO', 'CQALFONS', 'asesor'),
('CASTILLO BAILON LETICIA', 'CTLETICI', 'asesor'),
('CASTILLO CASTILLO XOCHITL', 'CMXOCHIT', 'asesor'),
('CASTILLO TORRES DELIA SARA', 'C''DELIAS', 'asesor'),
('CASTRO RAMIREZ ESTEPHANNY GUADALUPE', 'C6ESTEPH', 'asesor'),
('CELESTINO CANOBAS MARTINA ALEJANDRA', 'C5ALEJAN', 'asesor'),
('CERVANTES GUILLEN NORMA ANGELICA', 'CCNORMAD', 'asesor'),
('CHAN CHIN SELENA VIANEY', 'SELENAVI', 'asesor'),
('CHAVEZ CRUZ LAURA MARIA', 'C6LAURAM', 'asesor'),
('CHAVEZ HUERTA MONICA', 'CKHUERTA', 'asesor'),
('CHAVEZ NICASIO MARCELA', 'CRMARCEL', 'asesor'),
('CORDOBA GONZALEZ SUSANA', 'ANSUSANA', 'asesor'),
('CORDOVA CORDOVA AURA CECILIA', 'CECILIAC', 'asesor'),
('CORREA CARDENAS CRISTIAN CONCEPCION', 'CECRISTI', 'asesor'),
('COVARRUBIAS MARTINEZ MARCELA ELIZABETH', 'MARCELAC', 'asesor'),
('CUAHUTLE ZARATE LUZ MARIA', 'C''MARIAC', 'asesor'),
('CUELLAR HERRERA ROSALIA', 'C''ROSALI', 'asesor'),
('CUEVAS LOPEZ LETICIA IBET', 'LITIZIAI', 'asesor'),
('CUEVAS MEDRANO LEFTINI SCARLETT', 'LEFTINIS', 'asesor'),
('DANIEL JAIME ESCAMILLA', 'CADANIEL', 'asesor'),
('DE LA CRUZ ALVAREZ MARISOL', 'MARISOLA', 'asesor'),
('DE LA CRUZ GONZALEZ MIREYA', 'CGMIREYA', 'asesor'),
('DE LA REA ARMENTA JACQUELINE', 'C(JACQUE', 'asesor'),
('DEL OLMO NOLASCO FERNANDO', 'NOLASCOF', 'asesor'),
('DELGADO HERNANDEZ MARIA DEL CARMEN', 'C3CARMEN', 'asesor'),
('DIANA CONTROL DE CASAS', 'PCDIANAC', 'asesor'),
('DIAZ CARRILLO JUANA CONCEPCION', 'CICONCEP', 'asesor'),
('DIAZ SANCHEZ CLAUDIA ISABEL', 'CXISABEL', 'asesor'),
('ENEDINA WILLIAMS MENDEZ', 'ENEDINAW', 'asesor'),
('ESTRADA CERVANTES SANDRA IVETTE', 'SANDRAIV', 'asesor'),
('ESTRADA PRADO PATRICIA', 'CKPATRIC', 'asesor'),
('FELICIANO AGUSTIN ENEDINA BLANCA', 'C4ENEDIN', 'asesor'),
('FERNANDEZ REYES MAYRA ALEJANDRA', 'C(MAYRAF', 'asesor'),
('FRIAS IBARRA JOSE LUIS', 'JOSEFRIA', 'asesor'),
('GALAN MENDOZA AZUCENA', 'ANAZUCEN', 'asesor'),
('GALLARDO RICARDO', 'PCRICARD', 'asesor'),
('GALVAN GONZALEZ GUSTAVO', 'GUSTABOG', 'asesor'),
('GARCIA GONZALEZ LIZBETH', 'CYLIZBET', 'asesor'),
('GARRIDO CHAVEZ MARIA REBECA', 'CGREBECA', 'asesor'),
('geduardo', '792be35705b5bad1aad5436f06002cca188318047c42fedbd13d796a3004ac21', 'administrador'),
('GERENTE', 'ALARACEL', 'asesor'),
('GIL GONZALEZ MARIA LUISA', 'CFLUISAG', 'asesor'),
('GOMEZ BRAVO GUADALUPE BERENICE', 'CGBERENI', 'asesor'),
('GOMEZ CORTES MARIA FABIOLA', 'C3FABIOL', 'asesor'),
('GOMEZ GARCIA TANIA PATRICIA', 'CNTANIAP', 'asesor'),
('GOMEZ GONZALEZ CONSUELO', 'CNCONSUE', 'asesor'),
('GOMEZ GUTIERREZ CAROLINA', 'GOMEZCAR', 'asesor'),
('GOMEZ TAGLE LEE NORA HILDA', 'C7NORALE', 'asesor'),
('GONZALEZ AGUILAR KARINA', 'C4KARINA', 'asesor'),
('GONZALEZ AGUILAR LETICIA', 'C7LETICI', 'asesor'),
('GONZALEZ LOPEZ YANET', 'CRYANETG', 'asesor'),
('GONZALEZ RAMOS MONICA MARIA', 'CAMONICA', 'asesor'),
('GONZALEZ VILLA SARAHI', 'CMSARAHI', 'asesor'),
('GRAJALES HERNANDEZ MAYRA ITZEL', 'CEMAYRAI', 'asesor'),
('GRANILLO ALCANTARA VERONICA', 'C3GRANIL', 'asesor'),
('GRISELD MURILLO NANCY', 'STNANCYM', 'asesor'),
('GUERRA GARCIA CARMEN', 'CARMENGU', 'asesor'),
('GUMETA SALAZAR NERY GUADALUPE', 'C&NERYGU', 'asesor'),
('GUTIERREZ BARROSO ROSAURA', 'CEROSAUR', 'asesor'),
('GUTIERREZ RUIZ CLAUDIA ELIZABETH', 'MOCLAUDI', 'asesor'),
('GUZMAN CASTILLO JESUS', 'CEJESUSG', 'asesor'),
('GUZMAN RINCON MARIBEL', 'COMARIGU', 'asesor'),
('GUZMAN VAZQUEZ TANIA IVONNNE', 'C(TANIAI', 'asesor'),
('GUZMAN ZAMUDIO LIZBETH', 'LIZBETHG', 'asesor'),
('HERNANDEZ AYALA ABEL', 'MOALMACE', 'asesor'),
('HERNANDEZ BRAVO MARIBEL', 'CJMARIBE', 'asesor'),
('HERNANDEZ MORALES NANCY GABRIELA', 'TNANCYGA', 'asesor'),
('HERNANDEZ PLIEGO BLANCA YANET', 'BLANCAYA', 'asesor'),
('HERNANDEZ ROZAS YOLANDA', 'CAYOLAND', 'asesor'),
('HERNANDEZ SAENZ MARIA ASUNCION', 'CRMARIAA', 'asesor'),
('HERNANDEZ SANCHEZ MIGUEL ANGEL', 'PDMAHSAN', 'asesor'),
('HERRARA GARCIA DANIELA', 'ADDANIEL', 'asesor'),
('HERRERA MARTINEZ FERNANDO', 'CGFERNAN', 'asesor'),
('HUEPA ONOFRE CLAUDIA', 'CECLAUDI', 'asesor'),
('HUGO CONTROL DE CASAS', 'HUGOGUTI', 'asesor'),
('HUIJON VELAZQUEZ ELIZABETH', 'ELIZABET', 'asesor'),
('JAIME ESCAMILLA DANIEL', 'MODANIEL', 'asesor'),
('javier', '384dac3368de6f658d7bc66e8fd4c8206b91c17a9084498948c7dd6e44d4a055', 'administrador'),
('KARLA YESENIA REYES CALDERON', 'YESENIAR', 'asesor'),
('LABRA CHAVEZ MONICA ALEJANDRA', 'MONICAAL', 'asesor'),
('LEAL GUERRA LIRIA LIZETH', 'C(LIZETH', 'asesor'),
('LEIDY ADRIANA GOMEZ CISNEROS', 'CPLEIDYA', 'asesor'),
('LIZAMA RODRIGUEZ TERESITA DE JESUS', 'CFTERESI', 'asesor'),
('LONA HERNANDEZ ANA VICTORIA', 'ADANAVIC', 'asesor'),
('LOPEZ AGUILAR EDITH', 'CSEDITHL', 'asesor'),
('LOPEZ MIGUEL YOLANDA', 'YOLANDAL', 'asesor'),
('LOPEZ RIVERA ERIKA ELIZABETH', 'CBERIKAE', 'asesor'),
('LOZANO ZUÑIGA ANA JANETH', 'C(ANAJAT', 'asesor'),
('LUGO BECERRA CLAUDIA VERONICA', 'CBCLAUDI', 'asesor'),
('MACIAS BOBADILLA LAURA RAQUEL', 'CGLAURAR', 'asesor'),
('MACIAS PEREGRINO AGUEDA', 'C{AGUEDA', 'asesor'),
('MAGAÐA DE LA LUZ LAURA', 'TLAURAUN', 'asesor'),
('MALDONADO CUELLAR ANDREA PAMELA', 'ANDREAPA', 'asesor'),
('MANCILLA ALVARADO DULCE MARIA', 'CMDULCEM', 'asesor'),
('MANUEL FELIX MARCELA RAQUEL', 'CSMARCEL', 'asesor'),
('MARES MARTINEZ MARIA DOLORES', 'CRMARESA', 'asesor'),
('MARIA FERNANDA PADILLA GONZALEZ', 'FERNANDA', 'asesor'),
('MARQUEZ CONDE ELIA TAIDE', 'C3TAIDEM', 'asesor'),
('MARTINEZ GONZALEZ GRACIELA', 'GRACIELA', 'asesor'),
('MARTINEZ GUILLEN ALEJANDRA ITZEL', 'ALEJANDR', 'asesor'),
('MARTINEZ MARTINEZ ROSALINDA', 'CIROSALI', 'asesor'),
('MARTINEZ ROBLES BRENDA MARISELA', 'C(BRENDA', 'asesor'),
('MARTINEZ ROJO ANA MARIA', 'ANAQUERE', 'asesor'),
('MARTINEZ ROSAS MARIA DEL MAR', 'CEMARINA', 'asesor'),
('MELO HERNANDEZ EDILBURGA', 'CTEDILBU', 'asesor'),
('MENDEZ LUNA ANGELICA', 'CEANGELI', 'asesor'),
('MENDOZA GARCIA GABRIELA', 'C3GABRIE', 'asesor'),
('MENDOZA LOPEZ MARGARITA', 'TMARGARI', 'asesor'),
('MENDOZA PEREZ SAMANTHA', 'CMSAMANT', 'asesor'),
('MIRANDA REYES NORMA EUNICE', 'C{NORMAM', 'asesor'),
('MIRIAM EVENTUAL', 'MIRIAMCO', 'asesor'),
('MONROY GARCIA LAURA ELIZABETH', 'C4MONROY', 'asesor'),
('MORALES CABRERA HILDA SOCORRO', 'CRHILDAS', 'asesor'),
('MORALES GARDUÑO JOSE MANUEL', 'JOSEMANU', 'asesor'),
('MORALES HERNANDEZ GLORIA', 'ADGLORIA', 'asesor'),
('MORENO GALVAN NORA DELIA', 'CBNORADE', 'asesor'),
('MUÐOZ LOPEZ SELENIA', 'SELENIAM', 'asesor'),
('NAJERA SEGURA MANUELA ENYIZENITH', 'CHENYIZE', 'asesor'),
('NAVARRO PARDO JOSE RAMON', 'CGJOSERA', 'asesor'),
('NIETO CHAVEZ RUTH GUADALUPE', 'STRUTHNI', 'asesor'),
('NUÐEZ MANZANO JESUS NOE', 'CEMANZAN', 'asesor'),
('OBREGON RUIZ ANABEL', 'CEANABEL', 'asesor'),
('OLALDE RAMIREZ ANA LAURA', 'LAURAOLA', 'asesor'),
('OLVERA JOSE ', 'PDJOSEOL', 'asesor'),
('ORNELAS MERAZ SUHEIL LETICIA', 'SUHEILLE', 'asesor'),
('OROZCO COLIN JUAN FELIPE', 'PCJUANFE', 'asesor'),
('ORTEGA GALEANA LILIANA JANET', 'CGJANETL', 'asesor'),
('ORTEGA SAMANO ULISES', 'ULISESOR', 'asesor'),
('ORTIZ BALDERAS LILIA', 'LILIAORT', 'asesor'),
('ORTIZ CELIS KEREN EDITH', 'KARENEDI', 'asesor'),
('PADILLA FLORES SONIA EDITH', 'SONIAEDI', 'asesor'),
('PATY MACIAS', 'MOPATYMA', 'asesor'),
('PECINA LICEA TANIA MARCELA', 'CBTANIAM', 'asesor'),
('PEÐA HERRERA SANDRA PATRICIA', 'CESANDRA', 'asesor'),
('PEREA OCHOA SUSANA CRISTINA', 'C{CRISTI', 'asesor'),
('PEREDO PINEDA CARLOS ALBERTO', 'CQALBERT', 'asesor'),
('PEREZ ARACEN', 'C4ARACEN', 'asesor'),
('PEREZ GASCA FABIOLA', 'CXFABIOL', 'asesor'),
('PEREZ GOMEZ BERTHA FRANCISCA', 'C&BERTHA', 'asesor'),
('PEREZ HERNANDEZ ARIADNA', 'ARIADNAP', 'asesor'),
('PEREZ MIGUEL AURORA', 'CMAURORA', 'asesor'),
('PEREZ PEDROZA GLORIA LETICIA', 'CWGLORIA', 'asesor'),
('PEREZ QUINTANA ENRIQUE', 'PCENRIQU', 'asesor'),
('PINEDA RODRIGUEZ NATIVIDAD', 'CJNATIVI', 'asesor'),
('RAMIREZ COVARRUBIAS MARIA TERESA', 'MARIATER', 'asesor'),
('RAMIREZ FUENTES ELOINA CRISTINA', 'CUCRISTI', 'asesor'),
('RAMIREZ RAMIREZ JANNET', 'C8JANNET', 'asesor'),
('RAMIREZ RANGEL ANA ROSA', 'C(ANAROS', 'asesor'),
('RAMIREZ SAUCEDO LAURA', 'LAURARAM', 'asesor'),
('RANGEL PATIÐO MARIA JOVITA', 'CXJOVITA', 'asesor'),
('RESENDIZ ELIAS KAREN LIZETH', 'KARENLIZ', 'asesor'),
('RESENDIZ GONZALEZ LINDA LORIEN', 'CLORIENR', 'asesor'),
('REYES CHINO DIANA', 'DIANACHI', 'asesor'),
('REYES GONZALEZ DEISY PATRICIA', 'CBDEISYP', 'asesor'),
('REYES GUTIERREZ BERENICE', 'CNBERENI', 'asesor'),
('RICARDO AUDITORIA', 'RICARDOC', 'asesor'),
('RICARDO VICENTE MARIA FERNANDA', 'CEMARIFE', 'asesor'),
('RICO GARCES FABIOLA ESTEFANIA', 'CAFABIOL', 'asesor'),
('RIOS GARCIA LILIANA', 'C9LILIAN', 'asesor'),
('RODRIGUEZ ORTIZ AMADA', 'AMADAROD', 'asesor'),
('RODRIGUEZ RAMIREZ VERONICA', 'VERONICA', 'asesor'),
('ROMERO MARQUEZ ELVIA', 'C''ELVIAR', 'asesor'),
('ROMERO MENDOZA MARCO ANTONIO', 'CEMARCOA', 'asesor'),
('ROMERO PATLAN ADRIANA JOSEFINA', 'C(JOSEFI', 'asesor'),
('ROMERO PONCE CRUZ MANUEL', 'C3MANUEL', 'asesor'),
('ROQUE ROQUE TERESA LIDOINE', 'C4TERESA', 'asesor'),
('ROSALBA CONTROL DE CASAS', 'PCROSALB', 'asesor'),
('ROSAS GOMEZ URIEL', 'CQURIELR', 'asesor'),
('RUIZ PASCUAL OLIVA', 'CSOLIVAR', 'asesor'),
('RUIZ PONCE JAZMIN', 'STJAZMIN', 'asesor'),
('RUPERTO JERONIMO MARIBEL', 'MARIBELR', 'asesor'),
('SALAS MARQUEZ ALEJANDRO MOISES', 'AOALEJAN', 'asesor'),
('SALAZAR CASTELLANOS MARIANA', 'MOMARIAN', 'asesor'),
('SALAZAR JUAREZ MARIA ISABEL', 'MARIASAL', 'asesor'),
('SALAZAR VILLALOBOS JANETH', 'CKJANETH', 'asesor'),
('SALDIVAR RAMOS SAYURI VIRIDIANA', 'SAYURIVI', 'asesor'),
('SANCHEZ AGUILAR ELSA DEL SOCORRO', 'CFELSAAG', 'asesor'),
('SANCHEZ CABRERA MARIEL', 'CEMARIEL', 'asesor'),
('SANCHEZ CAMACHO DULCE LIZETH', 'CODULCEL', 'asesor'),
('SANCHEZ CHAVEZ FLOR MARIA DEL REFUGIO', 'CWFLORMA', 'asesor'),
('SANCHEZ HERNANDEZ FEDERICO', 'PCFEDERI', 'asesor'),
('SANCHEZ LAZARO BARTOLA YANEY', 'BARTOLAY', 'asesor'),
('SANCHEZ RUIZ NOEMI', 'CSNOEMIR', 'asesor'),
('SANCHEZ SALINAS MARIA EMILIA', 'C''EMILIA', 'asesor'),
('SANTIAGO ESCUDERO BLANCA ESTELA', 'CPBLANCA', 'asesor'),
('SAUREZ MENDEZ INGRID REBECA', 'C(INGRID', 'asesor'),
('SEGOVIA SALAZAR FABIOLA', 'CPFABIOL', 'asesor'),
('SOLARES PIÐA JAVIER', 'PDJAVIER', 'asesor'),
('TEJADA LEAÐOS MARIA DE JESUS', 'C(JESUST', 'asesor'),
('TEJEDA RODRIGUEZ BLANCA', 'BLANCATE', 'asesor'),
('TELLEZ RIOS LORENA GUADALUPE', 'C6LORENA', 'asesor'),
('TORRES LANCON CLAUDIA', 'CYLANCON', 'asesor'),
('TORRES SOTERO MARIANA', 'C4TORRES', 'asesor'),
('TRAIN RENDON MARIA SALOME', 'CLSALOME', 'asesor'),
('TREJO VAZQUEZ SANDRA EDITH', 'MOSANDRA', 'asesor'),
('VALDEZ GUTIERREZ CYNTHIA MELISSA', 'C(MELISS', 'asesor'),
('VARGAS RUIZ SANDRA', 'SANDRAVA', 'asesor'),
('VAZQUEZ CABALLERO ANA LAURA', 'CELAURAV', 'asesor'),
('VAZQUEZ GONZALEZ SOCORRO', 'CQSOCORO', 'asesor'),
('VAZQUEZ TREJO MARIA DEL SOCORRO', 'ADSOCORR', 'asesor'),
('VEGA MENDEZ KARLA', 'CUKARLAH', 'asesor'),
('VELASCO GRANILLO VERONICA', 'CMVERONI', 'asesor'),
('VELAZQUEZ VELAZCO ARMANDO ENRIQUE', 'VELAZCOA', 'asesor'),
('VIGA', 'VIGARS36', 'asesor'),
('VILLEGAS DELGADO GABRIELA', 'COGABRIE', 'asesor'),
('VIVEROS ROMERO JAZMIN', 'C9JAZMIN', 'asesor'),
('VIZARRAGA ANDRADE SANDRA IVONNE', 'IVONESAN', 'asesor'),
('ZARATE BARAJAS GIOVANNA CRISTINA', 'GIOVANAC', 'asesor');

--
-- Constraints for dumped tables
--

--
-- Constraints for table `userAlmacen`
--
ALTER TABLE `userAlmacen`
  ADD CONSTRAINT `fk_userAlmacen_almacen1` FOREIGN KEY (`f_almacen`) REFERENCES `almacen` (`clave`) ON DELETE NO ACTION ON UPDATE NO ACTION,
  ADD CONSTRAINT `fk_userAlmacen_usuario1` FOREIGN KEY (`f_usuario`) REFERENCES `usuario` (`username`) ON DELETE NO ACTION ON UPDATE NO ACTION;

--
-- Constraints for table `usuario`
--
ALTER TABLE `usuario`
  ADD CONSTRAINT `fk_usuario_tipousuario1` FOREIGN KEY (`f_tipousuario`) REFERENCES `tipousuario` (`tipo`) ON DELETE NO ACTION ON UPDATE NO ACTION;

/*!40101 SET CHARACTER_SET_CLIENT=@OLD_CHARACTER_SET_CLIENT */;
/*!40101 SET CHARACTER_SET_RESULTS=@OLD_CHARACTER_SET_RESULTS */;
/*!40101 SET COLLATION_CONNECTION=@OLD_COLLATION_CONNECTION */;
